رقم الشكل,الفئة,اسم الشكل,نسخة التخصيص
1,كلاسيكي,مربع ناعم,1
2,كلاسيكي,مربع ناعم,2
3,كلاسيكي,مربع ناعم,3
4,كلاسيكي,مربع ناعم,4
5,كلاسيكي,مربع ناعم,5
6,كلاسيكي,مستطيل,1
7,كلاسيكي,مستطيل,2
8,كلاسيكي,مستطيل,3
9,كلاسيكي,مستطيل,4
10,كلاسيكي,مستطيل,5
11,كلاسيكي,كبسولة,1
12,كلاسيكي,كبسولة,2
13,كلاسيكي,كبسولة,3
14,كلاسيكي,كبسولة,4
15,كلاسيكي,كبسولة,5
16,كلاسيكي,دائري,1
17,كلاسيكي,دائري,2
18,كلاسيكي,دائري,3
19,كلاسيكي,دائري,4
20,كلاسيكي,دائري,5
21,كلاسيكي,بيضاوي,1
22,كلاسيكي,بيضاوي,2
23,كلاسيكي,بيضاوي,3
24,كلاسيكي,بيضاوي,4
25,كلاسيكي,بيضاوي,5
26,كلاسيكي,زوايا مقصوصة,1
27,كلاسيكي,زوايا مقصوصة,2
28,كلاسيكي,زوايا مقصوصة,3
29,كلاسيكي,زوايا مقصوصة,4
30,كلاسيكي,زوايا مقصوصة,5
31,كلاسيكي,حواف مشطوفة,1
32,كلاسيكي,حواف مشطوفة,2
33,كلاسيكي,حواف مشطوفة,3
34,كلاسيكي,حواف مشطوفة,4
35,كلاسيكي,حواف مشطوفة,5
36,كلاسيكي,سداسي,1
37,كلاسيكي,سداسي,2
38,كلاسيكي,سداسي,3
39,كلاسيكي,سداسي,4
40,كلاسيكي,سداسي,5
41,كلاسيكي,مثمن,1
42,كلاسيكي,مثمن,2
43,كلاسيكي,مثمن,3
44,كلاسيكي,مثمن,4
45,كلاسيكي,مثمن,5
46,كلاسيكي,معين,1
47,كلاسيكي,معين,2
48,كلاسيكي,معين,3
49,كلاسيكي,معين,4
50,كلاسيكي,معين,5
51,كلاسيكي,مثلث,1
52,كلاسيكي,مثلث,2
53,كلاسيكي,مثلث,3
54,كلاسيكي,مثلث,4
55,كلاسيكي,مثلث,5
56,كلاسيكي,خماسي,1
57,كلاسيكي,خماسي,2
58,كلاسيكي,خماسي,3
59,كلاسيكي,خماسي,4
60,كلاسيكي,خماسي,5
61,كلاسيكي,إطار مزدوج,1
62,كلاسيكي,إطار مزدوج,2
63,كلاسيكي,إطار مزدوج,3
64,كلاسيكي,إطار مزدوج,4
65,كلاسيكي,إطار مزدوج,5
66,كلاسيكي,زجاجي,1
67,كلاسيكي,زجاجي,2
68,كلاسيكي,زجاجي,3
69,كلاسيكي,زجاجي,4
70,كلاسيكي,زجاجي,5
71,كلاسيكي,كريستالي,1
72,كلاسيكي,كريستالي,2
73,كلاسيكي,كريستالي,3
74,كلاسيكي,كريستالي,4
75,كلاسيكي,كريستالي,5
76,كلاسيكي,سهم,1
77,كلاسيكي,سهم,2
78,كلاسيكي,سهم,3
79,كلاسيكي,سهم,4
80,كلاسيكي,سهم,5
81,كلاسيكي,درع,1
82,كلاسيكي,درع,2
83,كلاسيكي,درع,3
84,كلاسيكي,درع,4
85,كلاسيكي,درع,5
86,كلاسيكي,نجمة,1
87,كلاسيكي,نجمة,2
88,كلاسيكي,نجمة,3
89,كلاسيكي,نجمة,4
90,كلاسيكي,نجمة,5
91,كلاسيكي,موجة,1
92,كلاسيكي,موجة,2
93,كلاسيكي,موجة,3
94,كلاسيكي,موجة,4
95,كلاسيكي,موجة,5
96,كلاسيكي,حواف تقنية,1
97,كلاسيكي,حواف تقنية,2
98,كلاسيكي,حواف تقنية,3
99,كلاسيكي,حواف تقنية,4
100,كلاسيكي,حواف تقنية,5
101,هندسي,مربع ناعم,1
102,هندسي,مربع ناعم,2
103,هندسي,مربع ناعم,3
104,هندسي,مربع ناعم,4
105,هندسي,مربع ناعم,5
106,هندسي,مستطيل,1
107,هندسي,مستطيل,2
108,هندسي,مستطيل,3
109,هندسي,مستطيل,4
110,هندسي,مستطيل,5
111,هندسي,كبسولة,1
112,هندسي,كبسولة,2
113,هندسي,كبسولة,3
114,هندسي,كبسولة,4
115,هندسي,كبسولة,5
116,هندسي,دائري,1
117,هندسي,دائري,2
118,هندسي,دائري,3
119,هندسي,دائري,4
120,هندسي,دائري,5
121,هندسي,بيضاوي,1
122,هندسي,بيضاوي,2
123,هندسي,بيضاوي,3
124,هندسي,بيضاوي,4
125,هندسي,بيضاوي,5
126,هندسي,زوايا مقصوصة,1
127,هندسي,زوايا مقصوصة,2
128,هندسي,زوايا مقصوصة,3
129,هندسي,زوايا مقصوصة,4
130,هندسي,زوايا مقصوصة,5
131,هندسي,حواف مشطوفة,1
132,هندسي,حواف مشطوفة,2
133,هندسي,حواف مشطوفة,3
134,هندسي,حواف مشطوفة,4
135,هندسي,حواف مشطوفة,5
136,هندسي,سداسي,1
137,هندسي,سداسي,2
138,هندسي,سداسي,3
139,هندسي,سداسي,4
140,هندسي,سداسي,5
141,هندسي,مثمن,1
142,هندسي,مثمن,2
143,هندسي,مثمن,3
144,هندسي,مثمن,4
145,هندسي,مثمن,5
146,هندسي,معين,1
147,هندسي,معين,2
148,هندسي,معين,3
149,هندسي,معين,4
150,هندسي,معين,5
151,هندسي,مثلث,1
152,هندسي,مثلث,2
153,هندسي,مثلث,3
154,هندسي,مثلث,4
155,هندسي,مثلث,5
156,هندسي,خماسي,1
157,هندسي,خماسي,2
158,هندسي,خماسي,3
159,هندسي,خماسي,4
160,هندسي,خماسي,5
161,هندسي,إطار مزدوج,1
162,هندسي,إطار مزدوج,2
163,هندسي,إطار مزدوج,3
164,هندسي,إطار مزدوج,4
165,هندسي,إطار مزدوج,5
166,هندسي,زجاجي,1
167,هندسي,زجاجي,2
168,هندسي,زجاجي,3
169,هندسي,زجاجي,4
170,هندسي,زجاجي,5
171,هندسي,كريستالي,1
172,هندسي,كريستالي,2
173,هندسي,كريستالي,3
174,هندسي,كريستالي,4
175,هندسي,كريستالي,5
176,هندسي,سهم,1
177,هندسي,سهم,2
178,هندسي,سهم,3
179,هندسي,سهم,4
180,هندسي,سهم,5
181,هندسي,درع,1
182,هندسي,درع,2
183,هندسي,درع,3
184,هندسي,درع,4
185,هندسي,درع,5
186,هندسي,نجمة,1
187,هندسي,نجمة,2
188,هندسي,نجمة,3
189,هندسي,نجمة,4
190,هندسي,نجمة,5
191,هندسي,موجة,1
192,هندسي,موجة,2
193,هندسي,موجة,3
194,هندسي,موجة,4
195,هندسي,موجة,5
196,هندسي,حواف تقنية,1
197,هندسي,حواف تقنية,2
198,هندسي,حواف تقنية,3
199,هندسي,حواف تقنية,4
200,هندسي,حواف تقنية,5
201,نيون,مربع ناعم,1
202,نيون,مربع ناعم,2
203,نيون,مربع ناعم,3
204,نيون,مربع ناعم,4
205,نيون,مربع ناعم,5
206,نيون,مستطيل,1
207,نيون,مستطيل,2
208,نيون,مستطيل,3
209,نيون,مستطيل,4
210,نيون,مستطيل,5
211,نيون,كبسولة,1
212,نيون,كبسولة,2
213,نيون,كبسولة,3
214,نيون,كبسولة,4
215,نيون,كبسولة,5
216,نيون,دائري,1
217,نيون,دائري,2
218,نيون,دائري,3
219,نيون,دائري,4
220,نيون,دائري,5
221,نيون,بيضاوي,1
222,نيون,بيضاوي,2
223,نيون,بيضاوي,3
224,نيون,بيضاوي,4
225,نيون,بيضاوي,5
226,نيون,زوايا مقصوصة,1
227,نيون,زوايا مقصوصة,2
228,نيون,زوايا مقصوصة,3
229,نيون,زوايا مقصوصة,4
230,نيون,زوايا مقصوصة,5
231,نيون,حواف مشطوفة,1
232,نيون,حواف مشطوفة,2
233,نيون,حواف مشطوفة,3
234,نيون,حواف مشطوفة,4
235,نيون,حواف مشطوفة,5
236,نيون,سداسي,1
237,نيون,سداسي,2
238,نيون,سداسي,3
239,نيون,سداسي,4
240,نيون,سداسي,5
241,نيون,مثمن,1
242,نيون,مثمن,2
243,نيون,مثمن,3
244,نيون,مثمن,4
245,نيون,مثمن,5
246,نيون,معين,1
247,نيون,معين,2
248,نيون,معين,3
249,نيون,معين,4
250,نيون,معين,5
251,نيون,مثلث,1
252,نيون,مثلث,2
253,نيون,مثلث,3
254,نيون,مثلث,4
255,نيون,مثلث,5
256,نيون,خماسي,1
257,نيون,خماسي,2
258,نيون,خماسي,3
259,نيون,خماسي,4
260,نيون,خماسي,5
261,نيون,إطار مزدوج,1
262,نيون,إطار مزدوج,2
263,نيون,إطار مزدوج,3
264,نيون,إطار مزدوج,4
265,نيون,إطار مزدوج,5
266,نيون,زجاجي,1
267,نيون,زجاجي,2
268,نيون,زجاجي,3
269,نيون,زجاجي,4
270,نيون,زجاجي,5
271,نيون,كريستالي,1
272,نيون,كريستالي,2
273,نيون,كريستالي,3
274,نيون,كريستالي,4
275,نيون,كريستالي,5
276,نيون,سهم,1
277,نيون,سهم,2
278,نيون,سهم,3
279,نيون,سهم,4
280,نيون,سهم,5
281,نيون,درع,1
282,نيون,درع,2
283,نيون,درع,3
284,نيون,درع,4
285,نيون,درع,5
286,نيون,نجمة,1
287,نيون,نجمة,2
288,نيون,نجمة,3
289,نيون,نجمة,4
290,نيون,نجمة,5
291,نيون,موجة,1
292,نيون,موجة,2
293,نيون,موجة,3
294,نيون,موجة,4
295,نيون,موجة,5
296,نيون,حواف تقنية,1
297,نيون,حواف تقنية,2
298,نيون,حواف تقنية,3
299,نيون,حواف تقنية,4
300,نيون,حواف تقنية,5
301,ثلاثي الأبعاد,مربع ناعم,1
302,ثلاثي الأبعاد,مربع ناعم,2
303,ثلاثي الأبعاد,مربع ناعم,3
304,ثلاثي الأبعاد,مربع ناعم,4
305,ثلاثي الأبعاد,مربع ناعم,5
306,ثلاثي الأبعاد,مستطيل,1
307,ثلاثي الأبعاد,مستطيل,2
308,ثلاثي الأبعاد,مستطيل,3
309,ثلاثي الأبعاد,مستطيل,4
310,ثلاثي الأبعاد,مستطيل,5
311,ثلاثي الأبعاد,كبسولة,1
312,ثلاثي الأبعاد,كبسولة,2
313,ثلاثي الأبعاد,كبسولة,3
314,ثلاثي الأبعاد,كبسولة,4
315,ثلاثي الأبعاد,كبسولة,5
316,ثلاثي الأبعاد,دائري,1
317,ثلاثي الأبعاد,دائري,2
318,ثلاثي الأبعاد,دائري,3
319,ثلاثي الأبعاد,دائري,4
320,ثلاثي الأبعاد,دائري,5
321,ثلاثي الأبعاد,بيضاوي,1
322,ثلاثي الأبعاد,بيضاوي,2
323,ثلاثي الأبعاد,بيضاوي,3
324,ثلاثي الأبعاد,بيضاوي,4
325,ثلاثي الأبعاد,بيضاوي,5
326,ثلاثي الأبعاد,زوايا مقصوصة,1
327,ثلاثي الأبعاد,زوايا مقصوصة,2
328,ثلاثي الأبعاد,زوايا مقصوصة,3
329,ثلاثي الأبعاد,زوايا مقصوصة,4
330,ثلاثي الأبعاد,زوايا مقصوصة,5
331,ثلاثي الأبعاد,حواف مشطوفة,1
332,ثلاثي الأبعاد,حواف مشطوفة,2
333,ثلاثي الأبعاد,حواف مشطوفة,3
334,ثلاثي الأبعاد,حواف مشطوفة,4
335,ثلاثي الأبعاد,حواف مشطوفة,5
336,ثلاثي الأبعاد,سداسي,1
337,ثلاثي الأبعاد,سداسي,2
338,ثلاثي الأبعاد,سداسي,3
339,ثلاثي الأبعاد,سداسي,4
340,ثلاثي الأبعاد,سداسي,5
341,ثلاثي الأبعاد,مثمن,1
342,ثلاثي الأبعاد,مثمن,2
343,ثلاثي الأبعاد,مثمن,3
344,ثلاثي الأبعاد,مثمن,4
345,ثلاثي الأبعاد,مثمن,5
346,ثلاثي الأبعاد,معين,1
347,ثلاثي الأبعاد,معين,2
348,ثلاثي الأبعاد,معين,3
349,ثلاثي الأبعاد,معين,4
350,ثلاثي الأبعاد,معين,5
351,ثلاثي الأبعاد,مثلث,1
352,ثلاثي الأبعاد,مثلث,2
353,ثلاثي الأبعاد,مثلث,3
354,ثلاثي الأبعاد,مثلث,4
355,ثلاثي الأبعاد,مثلث,5
356,ثلاثي الأبعاد,خماسي,1
357,ثلاثي الأبعاد,خماسي,2
358,ثلاثي الأبعاد,خماسي,3
359,ثلاثي الأبعاد,خماسي,4
360,ثلاثي الأبعاد,خماسي,5
361,ثلاثي الأبعاد,إطار مزدوج,1
362,ثلاثي الأبعاد,إطار مزدوج,2
363,ثلاثي الأبعاد,إطار مزدوج,3
364,ثلاثي الأبعاد,إطار مزدوج,4
365,ثلاثي الأبعاد,إطار مزدوج,5
366,ثلاثي الأبعاد,زجاجي,1
367,ثلاثي الأبعاد,زجاجي,2
368,ثلاثي الأبعاد,زجاجي,3
369,ثلاثي الأبعاد,زجاجي,4
370,ثلاثي الأبعاد,زجاجي,5
371,ثلاثي الأبعاد,كريستالي,1
372,ثلاثي الأبعاد,كريستالي,2
373,ثلاثي الأبعاد,كريستالي,3
374,ثلاثي الأبعاد,كريستالي,4
375,ثلاثي الأبعاد,كريستالي,5
376,ثلاثي الأبعاد,سهم,1
377,ثلاثي الأبعاد,سهم,2
378,ثلاثي الأبعاد,سهم,3
379,ثلاثي الأبعاد,سهم,4
380,ثلاثي الأبعاد,سهم,5
381,ثلاثي الأبعاد,درع,1
382,ثلاثي الأبعاد,درع,2
383,ثلاثي الأبعاد,درع,3
384,ثلاثي الأبعاد,درع,4
385,ثلاثي الأبعاد,درع,5
386,ثلاثي الأبعاد,نجمة,1
387,ثلاثي الأبعاد,نجمة,2
388,ثلاثي الأبعاد,نجمة,3
389,ثلاثي الأبعاد,نجمة,4
390,ثلاثي الأبعاد,نجمة,5
391,ثلاثي الأبعاد,موجة,1
392,ثلاثي الأبعاد,موجة,2
393,ثلاثي الأبعاد,موجة,3
394,ثلاثي الأبعاد,موجة,4
395,ثلاثي الأبعاد,موجة,5
396,ثلاثي الأبعاد,حواف تقنية,1
397,ثلاثي الأبعاد,حواف تقنية,2
398,ثلاثي الأبعاد,حواف تقنية,3
399,ثلاثي الأبعاد,حواف تقنية,4
400,ثلاثي الأبعاد,حواف تقنية,5
401,إبداعي,مربع ناعم,1
402,إبداعي,مربع ناعم,2
403,إبداعي,مربع ناعم,3
404,إبداعي,مربع ناعم,4
405,إبداعي,مربع ناعم,5
406,إبداعي,مستطيل,1
407,إبداعي,مستطيل,2
408,إبداعي,مستطيل,3
409,إبداعي,مستطيل,4
410,إبداعي,مستطيل,5
411,إبداعي,كبسولة,1
412,إبداعي,كبسولة,2
413,إبداعي,كبسولة,3
414,إبداعي,كبسولة,4
415,إبداعي,كبسولة,5
416,إبداعي,دائري,1
417,إبداعي,دائري,2
418,إبداعي,دائري,3
419,إبداعي,دائري,4
420,إبداعي,دائري,5
421,إبداعي,بيضاوي,1
422,إبداعي,بيضاوي,2
423,إبداعي,بيضاوي,3
424,إبداعي,بيضاوي,4
425,إبداعي,بيضاوي,5
426,إبداعي,زوايا مقصوصة,1
427,إبداعي,زوايا مقصوصة,2
428,إبداعي,زوايا مقصوصة,3
429,إبداعي,زوايا مقصوصة,4
430,إبداعي,زوايا مقصوصة,5
431,إبداعي,حواف مشطوفة,1
432,إبداعي,حواف مشطوفة,2
433,إبداعي,حواف مشطوفة,3
434,إبداعي,حواف مشطوفة,4
435,إبداعي,حواف مشطوفة,5
436,إبداعي,سداسي,1
437,إبداعي,سداسي,2
438,إبداعي,سداسي,3
439,إبداعي,سداسي,4
440,إبداعي,سداسي,5
441,إبداعي,مثمن,1
442,إبداعي,مثمن,2
443,إبداعي,مثمن,3
444,إبداعي,مثمن,4
445,إبداعي,مثمن,5
446,إبداعي,معين,1
447,إبداعي,معين,2
448,إبداعي,معين,3
449,إبداعي,معين,4
450,إبداعي,معين,5
451,إبداعي,مثلث,1
452,إبداعي,مثلث,2
453,إبداعي,مثلث,3
454,إبداعي,مثلث,4
455,إبداعي,مثلث,5
456,إبداعي,خماسي,1
457,إبداعي,خماسي,2
458,إبداعي,خماسي,3
459,إبداعي,خماسي,4
460,إبداعي,خماسي,5
461,إبداعي,إطار مزدوج,1
462,إبداعي,إطار مزدوج,2
463,إبداعي,إطار مزدوج,3
464,إبداعي,إطار مزدوج,4
465,إبداعي,إطار مزدوج,5
466,إبداعي,زجاجي,1
467,إبداعي,زجاجي,2
468,إبداعي,زجاجي,3
469,إبداعي,زجاجي,4
470,إبداعي,زجاجي,5
471,إبداعي,كريستالي,1
472,إبداعي,كريستالي,2
473,إبداعي,كريستالي,3
474,إبداعي,كريستالي,4
475,إبداعي,كريستالي,5
476,إبداعي,سهم,1
477,إبداعي,سهم,2
478,إبداعي,سهم,3
479,إبداعي,سهم,4
480,إبداعي,سهم,5
481,إبداعي,درع,1
482,إبداعي,درع,2
483,إبداعي,درع,3
484,إبداعي,درع,4
485,إبداعي,درع,5
486,إبداعي,نجمة,1
487,إبداعي,نجمة,2
488,إبداعي,نجمة,3
489,إبداعي,نجمة,4
490,إبداعي,نجمة,5
491,إبداعي,موجة,1
492,إبداعي,موجة,2
493,إبداعي,موجة,3
494,إبداعي,موجة,4
495,إبداعي,موجة,5
496,إبداعي,حواف تقنية,1
497,إبداعي,حواف تقنية,2
498,إبداعي,حواف تقنية,3
499,إبداعي,حواف تقنية,4
500,إبداعي,حواف تقنية,5
